"Path","Name","Extension","Length"
"media/image10.jpeg","image10.jpeg",".jpeg","80904"
"media/image11.jpg","image11.jpg",".jpg","27510"
"media/image12.JPG","image12.JPG",".JPG","12105"
"media/image13.JPG","image13.JPG",".JPG","59926"
"media/image14.JPG","image14.JPG",".JPG","33143"
"media/image15.JPG","image15.JPG",".JPG","26382"
"media/image16.JPG","image16.JPG",".JPG","12308"
"media/image17.JPG","image17.JPG",".JPG","8136"
"media/image18.JPG","image18.JPG",".JPG","8082"
"media/image19.JPG","image19.JPG",".JPG","8321"
"media/image2.svg","image2.svg",".svg","50154"
"media/image20.JPG","image20.JPG",".JPG","8269"
"media/image21.JPG","image21.JPG",".JPG","8359"
"media/image22.JPG","image22.JPG",".JPG","8299"
"media/image23.JPG","image23.JPG",".JPG","8209"
"media/image24.JPG","image24.JPG",".JPG","15383"
"media/image25.jpeg","image25.jpeg",".jpeg","1794"
"media/image26.JPG","image26.JPG",".JPG","8621"
"media/image27.jpeg","image27.jpeg",".jpeg","1693"
"media/image28.jpeg","image28.jpeg",".jpeg","1110"
"media/image29.emf","image29.emf",".emf","1976340"
"media/image3.png","image3.png",".png","258102"
"media/image30.emf","image30.emf",".emf","5648"
"media/image31.emf","image31.emf",".emf","4784"
"media/image32.emf","image32.emf",".emf","6384"
"media/image33.emf","image33.emf",".emf","13336"
"media/image34.emf","image34.emf",".emf","73472"
"media/image35.emf","image35.emf",".emf","3920"
"media/image36.emf","image36.emf",".emf","6240"
"media/image37.emf","image37.emf",".emf","13520"
"media/image38.emf","image38.emf",".emf","552"
"media/image39.emf","image39.emf",".emf","39592"
"media/image4.jpg","image4.jpg",".jpg","55770"
"media/image40.emf","image40.emf",".emf","6032"
"media/image41.emf","image41.emf",".emf","5408"
"media/image42.emf","image42.emf",".emf","17072"
"media/image43.emf","image43.emf",".emf","48472"
"media/image44.emf","image44.emf",".emf","552"
"media/image45.emf","image45.emf",".emf","4920"
"media/image46.emf","image46.emf",".emf","5104"
"media/image47.emf","image47.emf",".emf","19080"
"media/image48.emf","image48.emf",".emf","45232"
"media/image49.emf","image49.emf",".emf","552"
"media/image5.jpg","image5.jpg",".jpg","177909"
"media/image50.emf","image50.emf",".emf","816"
"media/image51.emf","image51.emf",".emf","6416"
"media/image52.emf","image52.emf",".emf","3944"
"media/image53.emf","image53.emf",".emf","1288"
"media/image54.emf","image54.emf",".emf","10040"
"media/image55.emf","image55.emf",".emf","21656"
"media/image56.emf","image56.emf",".emf","20248"
"media/image57.emf","image57.emf",".emf","1440"
"media/image58.JPG","image58.JPG",".JPG","69530"
"media/image59.emf","image59.emf",".emf","16232"
"media/image6.jpeg","image6.jpeg",".jpeg","52943"
"media/image60.emf","image60.emf",".emf","17120"
"media/image61.JPG","image61.JPG",".JPG","12198"
"media/image62.JPG","image62.JPG",".JPG","10856"
"media/image63.emf","image63.emf",".emf","12384"
"media/image64.emf","image64.emf",".emf","21952"
"media/image65.emf","image65.emf",".emf","32144"
"media/image66.emf","image66.emf",".emf","1976"
"media/image67.emf","image67.emf",".emf","50016"
"media/image68.JPG","image68.JPG",".JPG","95267"
"media/image69.emf","image69.emf",".emf","56864"
"media/image7.jpeg","image7.jpeg",".jpeg","43490"
"media/image70.JPG","image70.JPG",".JPG","41921"
"media/image71.JPG","image71.JPG",".JPG","43706"
"media/image72.JPG","image72.JPG",".JPG","42674"
"media/image73.emf","image73.emf",".emf","552"
"media/image74.emf","image74.emf",".emf","34632"
"media/image75.emf","image75.emf",".emf","40392"
"media/image76.emf","image76.emf",".emf","3752"
"media/image77.emf","image77.emf",".emf","17592"
"media/image78.emf","image78.emf",".emf","12368"
"media/image79.emf","image79.emf",".emf","11528"
"media/image8.jpeg","image8.jpeg",".jpeg","72353"
"media/image80.JPG","image80.JPG",".JPG","67637"
"media/image9.jpg","image9.jpg",".jpg","29427"
